東海,愛知県,中京
九州,福岡県,飯塚
北陸,石川県,金沢
関東,東京都,江戸川
東北,青森県,青森
東海,静岡県,浜松
近畿,兵庫県,園田
近畿,和歌山県,和歌山
四国,徳島県,小松島
東海,岐阜県,岐阜
関東,埼玉県,大宮
関東,東京,多摩川
近畿,三重県,四日市
関東,栃木県,宇都宮
近畿,滋賀県,びわこ
九州,福岡県,若松
東海,愛知県,蒲郡
九州,大分県,別府
関東,埼玉県,浦和
近畿,奈良県,奈良
関東,東京都,京王閣
九州,長崎県,佐世保
東北,岩手県,盛岡
近畿,兵庫県,尼崎
東海,静岡県,静岡
関東,新潟県,弥彦
中国,岡山県,玉野
四国,香川県,高松
四国,徳島県,鳴門
関東,神奈川県,小田原
中国,山口県,山陽
関東,群馬県,伊勢崎
関東,群馬県,桐生
関東,東京都,平和島
北海道,北海道,函館
関東,茨城県,取手
東海,愛知県,名古屋
九州,佐賀県,武雄
東海,岐阜県,笠松
東海,愛知県,常滑
中国,山口県,防府
九州,佐賀県,佐賀
四国,愛媛県,松山
関東,群馬県,前橋
北海道,北海道,帯広ば
北海道,北海道,札幌
四国,高知県,高知
近畿,大阪府,住之江
北海道,北海道,門別
関東,埼玉県,川口
中国,広島県,徳山
九州,福岡県,芦屋
北陸,福井県,三国
中国,広島県,宮島
近畿,三重県,津
九州,福岡県,小倉
関東,神奈川県,平塚
近畿,大阪府,岸和田
九州,福岡県,久留米
中国,山口県,下関
中国,広島県,広島
関東,茨城県,戸田
東北,福島県,いわき平
九州,福岡県,福岡
東海,静岡県,伊東
九州,長崎県,大村
北陸,富山県,富山
四国,香川県,丸亀
関東,東京都,大井
関東,神奈川県,川崎
関東,千葉県,船橋
中国,岡山県,児島
関東,千葉県,松戸
近畿,京都府,向日町
九州,佐賀県,唐津
北陸,福井県,福井
東海,静岡県,浜名湖
近畿,三重県,松阪
東海,愛知県,豊橋
関東,埼玉県,西武園
関東,東京都,立川
東海,岐阜県,大垣
東北,岩手県,水沢
近畿,兵庫県,姫路
東北,福島県,福島
関東,新潟県,新潟
関東,千葉県,中山
関東,東京都,東京
近畿,京都府,京都
近畿,大阪府,阪神